{"train": [0.33258501463004386, 0.1470940395188426, 0.12473945060291579, 0.11417202372366866, 0.10418291486702956, 0.09903910006846095, 0.09229335440864407, 0.08751759989863395, 0.0833692134461586, 0.07945319604631335, 0.07579000613939822, 0.07351336987475633, 0.06947792575756148, 0.06911853694145051, 0.06637754811911109], "val": [0.15403682731830323, 0.13524351413319777, 0.12693548452545395, 0.12871630963038755, 0.11898834330474471, 0.12333755597874925, 0.12935406276704492, 0.1184816587347168, 0.1213668519882737, 0.12438040673061534, 0.12264184123492455, 0.12340019462076393, 0.12914192924896875, 0.12656586132272407, 0.11912672869391269]}